transaction_id,approval_decision
21322421.0,deny
21321210.0,deny
21322443.0,deny
21323320.0,deny
21320863.0,deny
21322447.0,deny
21320870.0,deny
21320872.0,deny
21321132.0,deny
21321129.0,deny
21323321.0,deny
21322200.0,deny
21322090.0,deny
21323326.0,deny
21321127.0,deny
21321174.0,deny
21322458.0,deny
21321125.0,deny
21321122.0,deny
21321121.0,deny
21321781.0,deny
21323327.0,deny
21323328.0,deny
21323325.0,deny
21321107.0,deny
21321203.0,deny
21322621.0,deny
21322050.0,deny
21322413.0,deny
21321452.0,deny
21322414.0,deny
21321159.0,deny
21320817.0,deny
21321158.0,deny
21321447.0,deny
21321453.0,deny
21321156.0,deny
21320854.0,deny
21321180.0,deny
21321505.0,deny
21321153.0,deny
21321455.0,deny
21322063.0,deny
21322067.0,deny
21321196.0,deny
21321821.0,deny
21321147.0,deny
21320844.0,deny
21321142.0,deny
21322059.0,deny
21323329.0,deny
21321126.0,deny
21323331.0,deny
21321236.0,deny
21321258.0,deny
21321670.0,deny
21321486.0,deny
21321539.0,deny
21321253.0,deny
21321216.0,deny
21320586.0,deny
21321226.0,deny
21323330.0,deny
21321676.0,deny
21321533.0,deny
21321687.0,deny
21321494.0,deny
21322105.0,deny
21320602.0,deny
21320575.0,deny
21321691.0,deny
21322672.0,deny
21323288.0,deny
21321574.0,deny
21322379.0,deny
21321188.0,deny
21320759.0,deny
21321192.0,deny
21321874.0,deny
21321524.0,deny
21322311.0,deny
21323284.0,deny
21322914.0,deny
21322654.0,deny
21320649.0,deny
21321520.0,deny
21320776.0,deny
21322296.0,deny
21320631.0,deny
21321270.0,deny
21320778.0,deny
21320629.0,deny
21323281.0,deny
21321865.0,deny
21323277.0,deny
21320655.0,deny
21320661.0,deny
21323310.0,deny
21320669.0,deny
21320721.0,deny
21320723.0,deny
21320714.0,deny
21321215.0,deny
21323335.0,deny
21320725.0,deny
21323336.0,deny
21320726.0,deny
21320710.0,deny
21323341.0,deny
21320704.0,deny
21320727.0,deny
21323342.0,deny
21320729.0,deny
21321939.0,deny
21323343.0,deny
21320735.0,deny
21320697.0,deny
21321547.0,deny
21321918.0,deny
21320688.0,deny
21320736.0,deny
21322680.0,deny
21321235.0,deny
21321896.0,deny
21321206.0,deny
21321931.0,deny
21320676.0,deny
21321237.0,deny
21321200.0,deny
21322667.0,deny
21322633.0,deny
21320899.0,deny
21321165.0,deny
21323043.0,deny
21320981.0,deny
21320975.0,deny
21323131.0,deny
21320970.0,deny
21320967.0,deny
21320963.0,deny
21323032.0,deny
21322502.0,deny
21322500.0,deny
21321090.0,deny
21320946.0,deny
21320943.0,deny
21320941.0,deny
21323156.0,deny
21322492.0,deny
21322491.0,deny
21320936.0,deny
21321757.0,deny
21323119.0,deny
21320931.0,deny
21321721.0,deny
21321656.0,deny
21321675.0,deny
21323070.0,deny
21321029.0,deny
21321674.0,deny
21321018.0,deny
21321666.0,deny
21322535.0,deny
21321011.0,deny
21321008.0,deny
21321709.0,deny
21321660.0,deny
21321002.0,deny
21321001.0,deny
21321712.0,deny
21321658.0,deny
21321657.0,deny
21322526.0,deny
21320994.0,deny
21321718.0,deny
21323049.0,deny
21320799.0,deny
21321103.0,deny
21321106.0,deny
21321822.0,deny
21320836.0,deny
21322626.0,deny
21321149.0,deny
21322427.0,deny
21320832.0,deny
21322627.0,deny
21321152.0,deny
21321829.0,deny
21321154.0,deny
21321155.0,deny
21322418.0,deny
21320820.0,deny
21321839.0,deny
21320813.0,deny
21321845.0,deny
21321162.0,deny
21321847.0,deny
21320803.0,deny
21320838.0,deny
21322480.0,deny
21323230.0,deny
21322439.0,deny
21320922.0,deny
21320916.0,deny
21321775.0,deny
21321616.0,deny
21320907.0,deny
21322464.0,deny
21322460.0,deny
21320885.0,deny
21322455.0,deny
21321796.0,deny
21320881.0,deny
21320880.0,deny
21320879.0,deny
21320878.0,deny
21320866.0,deny
21323216.0,deny
21320859.0,deny
21321138.0,deny
21323221.0,deny
21322437.0,deny
21320622.0,deny
21320718.0,deny
21321503.0,deny
21320546.0,deny
21320545.0,deny
21321456.0,deny
21322225.0,deny
21321336.0,deny
21320533.0,deny
21322112.0,deny
21320532.0,deny
21323563.0,deny
21322111.0,deny
21320441.0,deny
21322221.0,deny
21320526.0,deny
21322218.0,deny
21320522.0,deny
21322232.0,deny
21322839.0,deny
21320432.0,deny
21321325.0,deny
21321476.0,deny
21321309.0,deny
21322010.0,deny
21321474.0,deny
21320426.0,deny
21321472.0,deny
21321470.0,deny
21321316.0,deny
21321382.0,deny
21322245.0,deny
21321467.0,deny
21321466.0,deny
21322024.0,deny
21320560.0,deny
21320428.0,deny
21321329.0,deny
21320424.0,deny
21322054.0,deny
21321448.0,deny
21322177.0,deny
21321426.0,deny
21322180.0,deny
21323533.0,deny
21322189.0,deny
21321433.0,deny
21323537.0,deny
21323538.0,deny
21323539.0,deny
21323540.0,deny
21320453.0,deny
21320460.0,deny
21320454.0,deny
21322097.0,deny
21322098.0,deny
21322198.0,deny
21320517.0,deny
21322199.0,deny
21322201.0,deny
21322214.0,deny
21322212.0,deny
21322061.0,deny
21320507.0,deny
21322064.0,deny
21323506.0,deny
21323507.0,deny
21323508.0,deny
21320498.0,deny
21322069.0,deny
21321349.0,deny
21323555.0,deny
21323554.0,deny
21321353.0,deny
21323518.0,deny
21320485.0,deny
21321386.0,deny
21322116.0,deny
21320614.0,deny
21321490.0,deny
21320411.0,deny
21321492.0,deny
21321282.0,deny
21322787.0,deny
21321487.0,deny
21321501.0,deny
21322134.0,deny
21322798.0,deny
21320595.0,deny
21322135.0,deny
21320594.0,deny
21322129.0,deny
21320405.0,deny
21321286.0,deny
21322791.0,deny
21320406.0,deny
21320611.0,deny
21322262.0,deny
21321502.0,deny
21320407.0,deny
21322127.0,deny
21320796.0,approve
21321136.0,approve
21320865.0,approve
21323391.0,approve
21320494.0,approve
21321244.0,approve
21323174.0,approve
21320840.0,approve
21320790.0,approve
21321585.0,approve
21322076.0,approve
21320531.0,approve
21321146.0,approve
21323154.0,approve
21322446.0,approve
21320784.0,approve
21323153.0,approve
21320843.0,approve
21320781.0,approve
21322084.0,approve
21321623.0,approve
21322831.0,approve
21321636.0,approve
21320853.0,approve
21320529.0,approve
21322406.0,approve
21322698.0,approve
21322210.0,approve
21321287.0,approve
21320654.0,approve
21323244.0,approve
21321345.0,approve
21320511.0,approve
21323497.0,approve
21322620.0,approve
21321157.0,approve
21321250.0,approve
21320518.0,approve
21320528.0,approve
21320659.0,approve
21323100.0,approve
21321027.0,approve
21320539.0,approve
21322619.0,approve
21323058.0,approve
21321340.0,approve
21321528.0,approve
21320637.0,approve
21321028.0,approve
21321450.0,approve
21321277.0,approve
21321449.0,approve
21322411.0,approve
21323264.0,approve
21322795.0,approve
21321733.0,approve
21321732.0,approve
21322818.0,approve
21322682.0,approve
21321463.0,approve
21321133.0,approve
21320977.0,approve
21322181.0,approve
21323127.0,approve
21323461.0,approve
21322157.0,approve
21321506.0,approve
21323459.0,approve
21320980.0,approve
21321713.0,approve
21321544.0,approve
21321908.0,approve
21321483.0,approve
21322578.0,approve
21322341.0,approve
21322342.0,approve
21322013.0,approve
21323332.0,approve
21323195.0,approve
21321542.0,approve
21320888.0,approve
21322786.0,approve
21323443.0,approve
21323189.0,approve
21321131.0,approve
21320542.0,approve
21321130.0,approve
21323178.0,approve
21322038.0,approve
21322525.0,approve
21321004.0,approve
21323190.0,approve
21322504.0,approve
21322718.0,approve
21321204.0,approve
21321086.0,approve
21320960.0,approve
21320962.0,approve
21322616.0,approve
21320702.0,approve
21322509.0,approve
21322233.0,approve
21321477.0,approve
21323442.0,approve
21320886.0,approve
21321485.0,approve
21322036.0,approve
21323192.0,approve
21322562.0,approve
21322602.0,approve
21322563.0,approve
21322558.0,approve
21322601.0,approve
21322561.0,approve
21322608.0,approve
21322559.0,approve
21322607.0,approve
21322606.0,approve
21322759.0,approve
21322560.0,approve
21322603.0,approve
21322781.0,approve
21322780.0,approve
21322779.0,approve
21322604.0,approve
21322609.0,approve
21322605.0,approve
21322773.0,approve
21322599.0,approve
21322767.0,approve
21322610.0,approve
21322587.0,approve
21322586.0,approve
21322572.0,approve
21322585.0,approve
21322584.0,approve
21322768.0,approve
21322583.0,approve
21322582.0,approve
21322769.0,approve
21322776.0,approve
21322770.0,approve
21322580.0,approve
21322579.0,approve
21322577.0,approve
21322576.0,approve
21322775.0,approve
21322575.0,approve
21322774.0,approve
21322574.0,approve
21322573.0,approve
21322771.0,approve
21322772.0,approve
21322581.0,approve
21322588.0,approve
21322766.0,approve
21322589.0,approve
21322564.0,approve
21322598.0,approve
21322565.0,approve
21322760.0,approve
21322566.0,approve
21322597.0,approve
21322778.0,approve
21322567.0,approve
21322568.0,approve
21322596.0,approve
21322595.0,approve
21322761.0,approve
21322762.0,approve
21322594.0,approve
21322763.0,approve
21322569.0,approve
21322764.0,approve
21322593.0,approve
21322570.0,approve
21322571.0,approve
21322592.0,approve
21322777.0,approve
21322591.0,approve
21322590.0,approve
21322765.0,approve
21322600.0,approve
21322758.0,approve
21322628.0,approve
21322612.0,approve
21322719.0,approve
21322681.0,approve
21322720.0,approve
21322679.0,approve
21322678.0,approve
21322721.0,approve
21322677.0,approve
21322676.0,approve
21322722.0,approve
21322675.0,approve
21322723.0,approve
21322674.0,approve
21322673.0,approve
21322724.0,approve
21322725.0,approve
21322671.0,approve
21322670.0,approve
21322726.0,approve
21322727.0,approve
21322669.0,approve
21322557.0,approve
21322728.0,approve
21322729.0,approve
21322730.0,approve
21322731.0,approve
21322668.0,approve
21322666.0,approve
21322732.0,approve
21322733.0,approve
21322683.0,approve
21322684.0,approve
21322685.0,approve
21322686.0,approve
21322709.0,approve
21322708.0,approve
21322707.0,approve
21322706.0,approve
21322710.0,approve
21322711.0,approve
21322705.0,approve
21322704.0,approve
21322703.0,approve
21322702.0,approve
21322701.0,approve
21322700.0,approve
21322699.0,approve
21322697.0,approve
21322665.0,approve
21322696.0,approve
21322695.0,approve
21322694.0,approve
21322713.0,approve
21322693.0,approve
21322714.0,approve
21322715.0,approve
21322692.0,approve
21322691.0,approve
21322716.0,approve
21322690.0,approve
21322689.0,approve
21322688.0,approve
21322687.0,approve
21322717.0,approve
21322712.0,approve
21322664.0,approve
21322663.0,approve
21322734.0,approve
21322632.0,approve
21322631.0,approve
21322630.0,approve
21322629.0,approve
21322741.0,approve
21322742.0,approve
21322743.0,approve
21322744.0,approve
21322625.0,approve
21322624.0,approve
21322623.0,approve
21322745.0,approve
21322622.0,approve
21322746.0,approve
21322634.0,approve
21322747.0,approve
21322749.0,approve
21322618.0,approve
21322750.0,approve
21322617.0,approve
21322751.0,approve
21322752.0,approve
21322753.0,approve
21322754.0,approve
21322755.0,approve
21322756.0,approve
21322615.0,approve
21322614.0,approve
21322757.0,approve
21322613.0,approve
21322748.0,approve
21322611.0,approve
21322635.0,approve
21322637.0,approve
21322735.0,approve
21322662.0,approve
21322736.0,approve
21322661.0,approve
21322660.0,approve
21322659.0,approve
21322658.0,approve
21322657.0,approve
21322656.0,approve
21322655.0,approve
21322737.0,approve
21322738.0,approve
21322653.0,approve
21322652.0,approve
21322636.0,approve
21322651.0,approve
21322649.0,approve
21322648.0,approve
21322647.0,approve
21322646.0,approve
21322645.0,approve
21322739.0,approve
21322644.0,approve
21322740.0,approve
21322643.0,approve
21322642.0,approve
21322641.0,approve
21322640.0,approve
21322639.0,approve
21322638.0,approve
21322650.0,approve
21322556.0,approve
21320398.0,approve
21322554.0,approve
21322280.0,approve
21322281.0,approve
21322282.0,approve
21322283.0,approve
21322284.0,approve
21322285.0,approve
21322286.0,approve
21322287.0,approve
21322279.0,approve
21322288.0,approve
21322290.0,approve
21322291.0,approve
21322292.0,approve
21322293.0,approve
21322294.0,approve
21322295.0,approve
21322297.0,approve
21322298.0,approve
21322289.0,approve
21322278.0,approve
21322277.0,approve
21322276.0,approve
21322256.0,approve
21322257.0,approve
21322258.0,approve
21322259.0,approve
21322260.0,approve
21322261.0,approve
21322263.0,approve
21322264.0,approve
21322265.0,approve
21322266.0,approve
21322267.0,approve
21322268.0,approve
21322269.0,approve
21322270.0,approve
21322271.0,approve
21322272.0,approve
21322273.0,approve
21322274.0,approve
21322275.0,approve
21322299.0,approve
21322255.0,approve
21322300.0,approve
21322302.0,approve
21322327.0,approve
21322328.0,approve
21322329.0,approve
21322330.0,approve
21322331.0,approve
21322332.0,approve
21322333.0,approve
21322334.0,approve
21322326.0,approve
21322335.0,approve
21322337.0,approve
21322338.0,approve
21322339.0,approve
21322340.0,approve
21322343.0,approve
21322344.0,approve
21322345.0,approve
21322346.0,approve
21322336.0,approve
21322325.0,approve
21322324.0,approve
21322323.0,approve
21322303.0,approve
21322304.0,approve
21322305.0,approve
21322306.0,approve
21322307.0,approve
21322308.0,approve
21322309.0,approve
21322310.0,approve
21322312.0,approve
21322313.0,approve
21322314.0,approve
21322315.0,approve
21322316.0,approve
21322317.0,approve
21322318.0,approve
21322319.0,approve
21322320.0,approve
21322321.0,approve
21322322.0,approve
21322301.0,approve
21322254.0,approve
21322253.0,approve
21322252.0,approve
21322171.0,approve
21322172.0,approve
21322173.0,approve
21322174.0,approve
21322175.0,approve
21322176.0,approve
21322178.0,approve
21322179.0,approve
21322170.0,approve
21322182.0,approve
21322184.0,approve
21322185.0,approve
21322186.0,approve
21322187.0,approve
21322188.0,approve
21322190.0,approve
21322191.0,approve
21322192.0,approve
21322183.0,approve
21322169.0,approve
21322168.0,approve
21322167.0,approve
21322147.0,approve
21322148.0,approve
21322149.0,approve
21322150.0,approve
21322151.0,approve
21322152.0,approve
21322153.0,approve
21322154.0,approve
21322155.0,approve
21322156.0,approve
21322158.0,approve
21322159.0,approve
21322160.0,approve
21322161.0,approve
21322162.0,approve
21322163.0,approve
21322164.0,approve
21322165.0,approve
21322166.0,approve
21322193.0,approve
21322194.0,approve
21322195.0,approve
21322196.0,approve
21322230.0,approve
21322231.0,approve
21322234.0,approve
21322235.0,approve
21322236.0,approve
21322237.0,approve
21322238.0,approve
21322239.0,approve
21322240.0,approve
21322241.0,approve
21322242.0,approve
21322243.0,approve
21322244.0,approve
21322246.0,approve
21322247.0,approve
21322248.0,approve
21322249.0,approve
21322250.0,approve
21322251.0,approve
21322229.0,approve
21322347.0,approve
21322228.0,approve
21322226.0,approve
21322197.0,approve
21322202.0,approve
21322203.0,approve
21322204.0,approve
21322205.0,approve
21322206.0,approve
21322207.0,approve
21322208.0,approve
21322209.0,approve
21322211.0,approve
21322213.0,approve
21322215.0,approve
21322216.0,approve
21322217.0,approve
21322219.0,approve
21322220.0,approve
21322222.0,approve
21322223.0,approve
21322224.0,approve
21322227.0,approve
21322555.0,approve
21322348.0,approve
21322350.0,approve
21322482.0,approve
21322483.0,approve
21322484.0,approve
21322485.0,approve
21322486.0,approve
21322487.0,approve
21322488.0,approve
21322489.0,approve
21322481.0,approve
21322490.0,approve
21322494.0,approve
21322495.0,approve
21322496.0,approve
21322497.0,approve
21322498.0,approve
21322499.0,approve
21322501.0,approve
21322503.0,approve
21322493.0,approve
21322479.0,approve
21322478.0,approve
21322477.0,approve
21322456.0,approve
21322457.0,approve
21322459.0,approve
21322461.0,approve
21322462.0,approve
21322463.0,approve
21322782.0,approve
21322465.0,approve
21322466.0,approve
21322467.0,approve
21322468.0,approve
21322469.0,approve
21322470.0,approve
21322471.0,approve
21322472.0,approve
21322473.0,approve
21322474.0,approve
21322475.0,approve
21322476.0,approve
21322505.0,approve
21322454.0,approve
21322506.0,approve
21322508.0,approve
21322536.0,approve
21322537.0,approve
21322538.0,approve
21322539.0,approve
21322540.0,approve
21322541.0,approve
21322542.0,approve
21322543.0,approve
21322534.0,approve
21322544.0,approve
21322546.0,approve
21322547.0,approve
21322548.0,approve
21322549.0,approve
21322550.0,approve
21322551.0,approve
21322552.0,approve
21322553.0,approve
21322545.0,approve
21322533.0,approve
21322532.0,approve
21322531.0,approve
21322510.0,approve
21322511.0,approve
21322512.0,approve
21322513.0,approve
21322514.0,approve
21322515.0,approve
21322516.0,approve
21322517.0,approve
21322518.0,approve
21322519.0,approve
21322520.0,approve
21322521.0,approve
21322522.0,approve
21322523.0,approve
21322524.0,approve
21322527.0,approve
21322528.0,approve
21322529.0,approve
21322530.0,approve
21322507.0,approve
21322453.0,approve
21322452.0,approve
21322451.0,approve
21322374.0,approve
21322375.0,approve
21322376.0,approve
21322377.0,approve
21322378.0,approve
21322380.0,approve
21322381.0,approve
21322382.0,approve
21322373.0,approve
21322383.0,approve
21322385.0,approve
21322386.0,approve
21322387.0,approve
21322388.0,approve
21322389.0,approve
21322390.0,approve
21322391.0,approve
21322392.0,approve
21322384.0,approve
21322372.0,approve
21322371.0,approve
21322370.0,approve
21322351.0,approve
21322352.0,approve
21322353.0,approve
21322354.0,approve
21322355.0,approve
21322356.0,approve
21322357.0,approve
21322358.0,approve
21322359.0,approve
21322360.0,approve
21322361.0,approve
21322362.0,approve
21322363.0,approve
21322364.0,approve
21322365.0,approve
21322366.0,approve
21322367.0,approve
21322368.0,approve
21322369.0,approve
21322393.0,approve
21322394.0,approve
21322395.0,approve
21322396.0,approve
21322426.0,approve
21322428.0,approve
21322429.0,approve
21322430.0,approve
21322431.0,approve
21322432.0,approve
21322433.0,approve
21322434.0,approve
21322435.0,approve
21322436.0,approve
21322438.0,approve
21322440.0,approve
21322441.0,approve
21322442.0,approve
21322444.0,approve
21322445.0,approve
21322448.0,approve
21322449.0,approve
21322450.0,approve
21322425.0,approve
21322349.0,approve
21322424.0,approve
21322422.0,approve
21322397.0,approve
21322398.0,approve
21322399.0,approve
21322400.0,approve
21322401.0,approve
21322402.0,approve
21322403.0,approve
21322404.0,approve
21322405.0,approve
21322407.0,approve
21322408.0,approve
21322409.0,approve
21322410.0,approve
21322412.0,approve
21322415.0,approve
21322416.0,approve
21322417.0,approve
21322419.0,approve
21322420.0,approve
21322423.0,approve
21322783.0,approve
21322899.0,approve
21322785.0,approve
21323311.0,approve
21323312.0,approve
21323313.0,approve
21323314.0,approve
21323315.0,approve
21323316.0,approve
21323317.0,approve
21323318.0,approve
21323319.0,approve
21323322.0,approve
21323323.0,approve
21323324.0,approve
21323333.0,approve
21323334.0,approve
21323337.0,approve
21323338.0,approve
21323339.0,approve
21323340.0,approve
21323344.0,approve
21323309.0,approve
21323345.0,approve
21323308.0,approve
21323306.0,approve
21323286.0,approve
21323287.0,approve
21323289.0,approve
21323290.0,approve
21323291.0,approve
21323292.0,approve
21323293.0,approve
21323294.0,approve
21323295.0,approve
21323296.0,approve
21323297.0,approve
21323298.0,approve
21323299.0,approve
21323300.0,approve
21323301.0,approve
21323302.0,approve
21323303.0,approve
21323304.0,approve
21323305.0,approve
21323307.0,approve
21323285.0,approve
21323346.0,approve
21323348.0,approve
21323372.0,approve
21323373.0,approve
21323374.0,approve
21323375.0,approve
21323376.0,approve
21323377.0,approve
21323378.0,approve
21323379.0,approve
21323380.0,approve
21323381.0,approve
21323382.0,approve
21323383.0,approve
21323384.0,approve
21323385.0,approve
21323386.0,approve
21323387.0,approve
21323388.0,approve
21323389.0,approve
21323390.0,approve
21323371.0,approve
21323347.0,approve
21323370.0,approve
21323368.0,approve
21323349.0,approve
21323350.0,approve
21323351.0,approve
21323352.0,approve
21323353.0,approve
21323354.0,approve
21323355.0,approve
21323356.0,approve
21323357.0,approve
21323358.0,approve
21323359.0,approve
21323360.0,approve
21323361.0,approve
21323362.0,approve
21323363.0,approve
21323364.0,approve
21323365.0,approve
21323366.0,approve
21323367.0,approve
21323369.0,approve
21323283.0,approve
21323282.0,approve
21323280.0,approve
21323208.0,approve
21323209.0,approve
21323210.0,approve
21323211.0,approve
21323212.0,approve
21323213.0,approve
21323214.0,approve
21323215.0,approve
21323217.0,approve
21323218.0,approve
21323219.0,approve
21323220.0,approve
21323222.0,approve
21323223.0,approve
21323224.0,approve
21323225.0,approve
21323226.0,approve
21323227.0,approve
21323228.0,approve
21323207.0,approve
21323229.0,approve
21323206.0,approve
21323204.0,approve
21323181.0,approve
21323182.0,approve
21323183.0,approve
21323184.0,approve
21323185.0,approve
21323186.0,approve
21323187.0,approve
21323188.0,approve
21323191.0,approve
21323193.0,approve
21323194.0,approve
21323196.0,approve
21323197.0,approve
21323198.0,approve
21323199.0,approve
21323200.0,approve
21323201.0,approve
21323202.0,approve
21323203.0,approve
21323205.0,approve
21323231.0,approve
21323232.0,approve
21323233.0,approve
21323259.0,approve
21323260.0,approve
21323261.0,approve
21323262.0,approve
21323263.0,approve
21323265.0,approve
21323266.0,approve
21323267.0,approve
21323268.0,approve
21323269.0,approve
21323270.0,approve
21323271.0,approve
21323272.0,approve
21323273.0,approve
21323274.0,approve
21323275.0,approve
21323276.0,approve
21323278.0,approve
21323279.0,approve
21323258.0,approve
21323257.0,approve
21323256.0,approve
21323255.0,approve
21323234.0,approve
21323235.0,approve
21323236.0,approve
21323237.0,approve
21323238.0,approve
21323239.0,approve
21323240.0,approve
21323241.0,approve
21323242.0,approve
21323392.0,approve
21323243.0,approve
21323246.0,approve
21323247.0,approve
21323248.0,approve
21323249.0,approve
21323250.0,approve
21323251.0,approve
21323252.0,approve
21323253.0,approve
21323254.0,approve
21323245.0,approve
21323393.0,approve
21323394.0,approve
21323395.0,approve
21323521.0,approve
21323522.0,approve
21323523.0,approve
21323524.0,approve
21323525.0,approve
21323526.0,approve
21323527.0,approve
21323528.0,approve
21323529.0,approve
21323530.0,approve
21323531.0,approve
21323532.0,approve
21323534.0,approve
21323535.0,approve
21323536.0,approve
21323541.0,approve
21323542.0,approve
21323543.0,approve
21323544.0,approve
21323520.0,approve
21323545.0,approve
21323519.0,approve
21323516.0,approve
21323493.0,approve
21323494.0,approve
21323495.0,approve
21323496.0,approve
21323498.0,approve
21323499.0,approve
21323500.0,approve
21323501.0,approve
21323502.0,approve
21323503.0,approve
21323504.0,approve
21323505.0,approve
21323509.0,approve
21323510.0,approve
21323511.0,approve
21323512.0,approve
21323513.0,approve
21323514.0,approve
21323515.0,approve
21323517.0,approve
21323546.0,approve
21323547.0,approve
21323548.0,approve
21323576.0,approve
21323577.0,approve
21323578.0,approve
21323579.0,approve
21323580.0,approve
21323581.0,approve
21323582.0,approve
21323583.0,approve
21323584.0,approve
21323585.0,approve
21323586.0,approve
21323587.0,approve
21323588.0,approve
21323589.0,approve
21323590.0,approve
21323591.0,approve
21323592.0,approve
21323593.0,approve
21323594.0,approve
21323575.0,approve
21323574.0,approve
21323573.0,approve
21323572.0,approve
21323549.0,approve
21323550.0,approve
21323551.0,approve
21323552.0,approve
21323553.0,approve
21323556.0,approve
21323557.0,approve
21323558.0,approve
21323559.0,approve
21323492.0,approve
21323560.0,approve
21323562.0,approve
21323564.0,approve
21323565.0,approve
21323566.0,approve
21323567.0,approve
21323568.0,approve
21323569.0,approve
21323570.0,approve
21323571.0,approve
21323561.0,approve
21323180.0,approve
21323491.0,approve
21323489.0,approve
21323419.0,approve
21323420.0,approve
21323421.0,approve
21323422.0,approve
21323423.0,approve
21323424.0,approve
21323425.0,approve
21323426.0,approve
21323427.0,approve
21323428.0,approve
21323429.0,approve
21323430.0,approve
21323431.0,approve
21323432.0,approve
21323433.0,approve
21323434.0,approve
21323435.0,approve
21323436.0,approve
21323437.0,approve
21323418.0,approve
21323438.0,approve
21323417.0,approve
21323415.0,approve
21323396.0,approve
21323397.0,approve
21323398.0,approve
21323399.0,approve
21323400.0,approve
21323401.0,approve
21323402.0,approve
21323403.0,approve
21323404.0,approve
21323405.0,approve
21323406.0,approve
21323407.0,approve
21323408.0,approve
21323409.0,approve
21323410.0,approve
21323411.0,approve
21323412.0,approve
21323413.0,approve
21323414.0,approve
21323416.0,approve
21323439.0,approve
21323440.0,approve
21323441.0,approve
21323470.0,approve
21323471.0,approve
21323472.0,approve
21323473.0,approve
21323474.0,approve
21323475.0,approve
21323476.0,approve
21323477.0,approve
21323478.0,approve
21323479.0,approve
21323480.0,approve
21323481.0,approve
21323482.0,approve
21323483.0,approve
21323484.0,approve
21323485.0,approve
21323486.0,approve
21323487.0,approve
21323488.0,approve
21323469.0,approve
21323468.0,approve
21323467.0,approve
21323466.0,approve
21323444.0,approve
21323445.0,approve
21323446.0,approve
21323447.0,approve
21323448.0,approve
21323449.0,approve
21323450.0,approve
21323451.0,approve
21323452.0,approve
21323490.0,approve
21323453.0,approve
21323455.0,approve
21323456.0,approve
21323457.0,approve
21323458.0,approve
21323460.0,approve
21323462.0,approve
21323463.0,approve
21323464.0,approve
21323465.0,approve
21323454.0,approve
21323179.0,approve
21323177.0,approve
21323176.0,approve
21322910.0,approve
21322911.0,approve
21322912.0,approve
21322913.0,approve
21322915.0,approve
21322916.0,approve
21322917.0,approve
21322918.0,approve
21322919.0,approve
21322920.0,approve
21322921.0,approve
21322922.0,approve
21322923.0,approve
21322924.0,approve
21322925.0,approve
21322926.0,approve
21322927.0,approve
21322928.0,approve
21322929.0,approve
21322909.0,approve
21322930.0,approve
21322908.0,approve
21322906.0,approve
21322887.0,approve
21322888.0,approve
21322889.0,approve
21322890.0,approve
21322891.0,approve
21322892.0,approve
21322893.0,approve
21322894.0,approve
21322895.0,approve
21322896.0,approve
21322897.0,approve
21322898.0,approve
21322146.0,approve
21322900.0,approve
21322901.0,approve
21322902.0,approve
21322903.0,approve
21322904.0,approve
21322905.0,approve
21322907.0,approve
21322931.0,approve
21322932.0,approve
21322933.0,approve
21322958.0,approve
21322959.0,approve
21322960.0,approve
21322961.0,approve
21322962.0,approve
21322963.0,approve
21322964.0,approve
21322965.0,approve
21322966.0,approve
21322967.0,approve
21322968.0,approve
21322969.0,approve
21322970.0,approve
21322971.0,approve
21322972.0,approve
21322973.0,approve
21322974.0,approve
21322975.0,approve
21322976.0,approve
21322957.0,approve
21322956.0,approve
21322955.0,approve
21322954.0,approve
21322934.0,approve
21322935.0,approve
21322936.0,approve
21322937.0,approve
21322938.0,approve
21322939.0,approve
21322940.0,approve
21322941.0,approve
21322942.0,approve
21322886.0,approve
21322943.0,approve
21322945.0,approve
21322946.0,approve
21322947.0,approve
21322948.0,approve
21322949.0,approve
21322950.0,approve
21322951.0,approve
21322952.0,approve
21322953.0,approve
21322944.0,approve
21322977.0,approve
21322885.0,approve
21322883.0,approve
21322814.0,approve
21322815.0,approve
21322816.0,approve
21322817.0,approve
21322819.0,approve
21322820.0,approve
21322821.0,approve
21322822.0,approve
21322823.0,approve
21322824.0,approve
21322825.0,approve
21322826.0,approve
21322827.0,approve
21322828.0,approve
21322829.0,approve
21322830.0,approve
21322832.0,approve
21322833.0,approve
21322834.0,approve
21322813.0,approve
21322835.0,approve
21322812.0,approve
21322810.0,approve
21322788.0,approve
21322789.0,approve
21322790.0,approve
21322792.0,approve
21322793.0,approve
21322794.0,approve
21322796.0,approve
21322797.0,approve
21322799.0,approve
21322800.0,approve
21322801.0,approve
21322802.0,approve
21322803.0,approve
21322804.0,approve
21322805.0,approve
21322806.0,approve
21322807.0,approve
21322808.0,approve
21322809.0,approve
21322811.0,approve
21322836.0,approve
21322837.0,approve
21322838.0,approve
21322864.0,approve
21322865.0,approve
21322866.0,approve
21322867.0,approve
21322868.0,approve
21322869.0,approve
21322870.0,approve
21322871.0,approve
21322872.0,approve
21322873.0,approve
21322874.0,approve
21322875.0,approve
21322876.0,approve
21322877.0,approve
21322878.0,approve
21322879.0,approve
21322880.0,approve
21322881.0,approve
21322882.0,approve
21322863.0,approve
21322862.0,approve
21322861.0,approve
21322860.0,approve
21322840.0,approve
21322841.0,approve
21322842.0,approve
21322843.0,approve
21322844.0,approve
21322845.0,approve
21322846.0,approve
21322847.0,approve
21322848.0,approve
21322884.0,approve
21322849.0,approve
21322851.0,approve
21322852.0,approve
21322853.0,approve
21322854.0,approve
21322855.0,approve
21322856.0,approve
21322857.0,approve
21322858.0,approve
21322859.0,approve
21322850.0,approve
21322784.0,approve
21322978.0,approve
21322980.0,approve
21323103.0,approve
21323104.0,approve
21323105.0,approve
21323106.0,approve
21323107.0,approve
21323108.0,approve
21323109.0,approve
21323110.0,approve
21323111.0,approve
21323112.0,approve
21323113.0,approve
21323114.0,approve
21323115.0,approve
21323116.0,approve
21323117.0,approve
21323118.0,approve
21323120.0,approve
21323121.0,approve
21323122.0,approve
21323102.0,approve
21323123.0,approve
21323101.0,approve
21323098.0,approve
21323079.0,approve
21323080.0,approve
21323081.0,approve
21323082.0,approve
21323083.0,approve
21323084.0,approve
21323085.0,approve
21323086.0,approve
21323087.0,approve
21323088.0,approve
21323089.0,approve
21323090.0,approve
21323091.0,approve
21323092.0,approve
21323093.0,approve
21323094.0,approve
21323095.0,approve
21323096.0,approve
21323097.0,approve
21323099.0,approve
21323124.0,approve
21323125.0,approve
21323126.0,approve
21323155.0,approve
21323157.0,approve
21323158.0,approve
21323159.0,approve
21323160.0,approve
21323161.0,approve
21323162.0,approve
21323163.0,approve
21323164.0,approve
21323165.0,approve
21323166.0,approve
21323167.0,approve
21323168.0,approve
21323169.0,approve
21323170.0,approve
21323171.0,approve
21323172.0,approve
21323173.0,approve
21323175.0,approve
21323152.0,approve
21323151.0,approve
21323150.0,approve
21323149.0,approve
21323128.0,approve
21323129.0,approve
21323130.0,approve
21323132.0,approve
21323133.0,approve
21323134.0,approve
21323135.0,approve
21323136.0,approve
21323137.0,approve
21323078.0,approve
21323138.0,approve
21323140.0,approve
21323141.0,approve
21323142.0,approve
21323143.0,approve
21323144.0,approve
21323145.0,approve
21323146.0,approve
21323147.0,approve
21323148.0,approve
21323139.0,approve
21322979.0,approve
21323077.0,approve
21323075.0,approve
21323004.0,approve
21323005.0,approve
21323006.0,approve
21323007.0,approve
21323008.0,approve
21323009.0,approve
21323010.0,approve
21323011.0,approve
21323012.0,approve
21323013.0,approve
21323014.0,approve
21323015.0,approve
21323016.0,approve
21323017.0,approve
21323018.0,approve
21323019.0,approve
21323020.0,approve
21323021.0,approve
21323022.0,approve
21323003.0,approve
21323023.0,approve
21323002.0,approve
21323000.0,approve
21322981.0,approve
21322982.0,approve
21322983.0,approve
21322984.0,approve
21322985.0,approve
21322986.0,approve
21322987.0,approve
21322988.0,approve
21322989.0,approve
21322990.0,approve
21322991.0,approve
21322992.0,approve
21322993.0,approve
21322994.0,approve
21322995.0,approve
21322996.0,approve
21322997.0,approve
21322998.0,approve
21322999.0,approve
21323001.0,approve
21323024.0,approve
21323025.0,approve
21323026.0,approve
21323054.0,approve
21323055.0,approve
21323056.0,approve
21323057.0,approve
21323059.0,approve
21323060.0,approve
21323061.0,approve
21323062.0,approve
21323063.0,approve
21323064.0,approve
21323065.0,approve
21323066.0,approve
21323067.0,approve
21323068.0,approve
21323069.0,approve
21323071.0,approve
21323072.0,approve
21323073.0,approve
21323074.0,approve
21323053.0,approve
21323052.0,approve
21323051.0,approve
21323050.0,approve
21323027.0,approve
21323028.0,approve
21323029.0,approve
21323030.0,approve
21323031.0,approve
21323033.0,approve
21323034.0,approve
21323035.0,approve
21323036.0,approve
21323076.0,approve
21323037.0,approve
21323039.0,approve
21323040.0,approve
21323041.0,approve
21323042.0,approve
21323044.0,approve
21323045.0,approve
21323046.0,approve
21323047.0,approve
21323048.0,approve
21323038.0,approve
21322145.0,approve
21321997.0,approve
21322143.0,approve
21320991.0,approve
21320992.0,approve
21320993.0,approve
21320995.0,approve
21320996.0,approve
21320997.0,approve
21320998.0,approve
21320999.0,approve
21320990.0,approve
21321000.0,approve
21321005.0,approve
21321006.0,approve
21321007.0,approve
21321009.0,approve
21321010.0,approve
21321012.0,approve
21321013.0,approve
21321014.0,approve
21321003.0,approve
21320989.0,approve
21320988.0,approve
21320987.0,approve
21320959.0,approve
21320961.0,approve
21320964.0,approve
21320965.0,approve
21320966.0,approve
21320968.0,approve
21320969.0,approve
21320971.0,approve
21320972.0,approve
21320973.0,approve
21320974.0,approve
21320976.0,approve
21320978.0,approve
21320979.0,approve
21320982.0,approve
21320983.0,approve
21320984.0,approve
21320985.0,approve
21320986.0,approve
21321015.0,approve
21320958.0,approve
21321016.0,approve
21321019.0,approve
21321046.0,approve
21321047.0,approve
21321048.0,approve
21321049.0,approve
21321050.0,approve
21321051.0,approve
21321052.0,approve
21321053.0,approve
21321045.0,approve
21321054.0,approve
21321056.0,approve
21321057.0,approve
21321058.0,approve
21321059.0,approve
21321060.0,approve
21321061.0,approve
21321062.0,approve
21321063.0,approve
21321055.0,approve
21321044.0,approve
21321043.0,approve
21321042.0,approve
21321020.0,approve
21321021.0,approve
21321022.0,approve
21321023.0,approve
21321024.0,approve
21321025.0,approve
21321026.0,approve
21321030.0,approve
21321031.0,approve
21321032.0,approve
21321033.0,approve
21321034.0,approve
21321035.0,approve
21321036.0,approve
21321037.0,approve
21321038.0,approve
21321039.0,approve
21321040.0,approve
21321041.0,approve
21321017.0,approve
21320957.0,approve
21320956.0,approve
21320955.0,approve
21320875.0,approve
21320876.0,approve
21320877.0,approve
21320882.0,approve
21320883.0,approve
21320884.0,approve
21320887.0,approve
21320889.0,approve
21320874.0,approve
21320890.0,approve
21320892.0,approve
21320893.0,approve
21320894.0,approve
21320895.0,approve
21320896.0,approve
21320897.0,approve
21320898.0,approve
21320900.0,approve
21320891.0,approve
21320873.0,approve
21320871.0,approve
21320869.0,approve
21320842.0,approve
21320845.0,approve
21320846.0,approve
21320847.0,approve
21320848.0,approve
21320849.0,approve
21320850.0,approve
21320851.0,approve
21320852.0,approve
21320855.0,approve
21320856.0,approve
21320857.0,approve
21320858.0,approve
21320860.0,approve
21320861.0,approve
21320862.0,approve
21320864.0,approve
21320867.0,approve
21320868.0,approve
21320901.0,approve
21320902.0,approve
21320903.0,approve
21320904.0,approve
21320932.0,approve
21320933.0,approve
21320934.0,approve
21320935.0,approve
21320937.0,approve
21320938.0,approve
21320939.0,approve
21320940.0,approve
21320942.0,approve
21320944.0,approve
21320945.0,approve
21320947.0,approve
21320948.0,approve
21320949.0,approve
21320950.0,approve
21320951.0,approve
21320952.0,approve
21320953.0,approve
21320954.0,approve
21320930.0,approve
21321064.0,approve
21320929.0,approve
21320927.0,approve
21320905.0,approve
21320906.0,approve
21320908.0,approve
21320909.0,approve
21320910.0,approve
21320911.0,approve
21320912.0,approve
21320913.0,approve
21320914.0,approve
21320915.0,approve
21320917.0,approve
21320918.0,approve
21320919.0,approve
21320920.0,approve
21320921.0,approve
21320923.0,approve
21320924.0,approve
21320925.0,approve
21320926.0,approve
21320928.0,approve
21321065.0,approve
21321066.0,approve
21321067.0,approve
21321225.0,approve
21321227.0,approve
21321228.0,approve
21321229.0,approve
21321230.0,approve
21321231.0,approve
21321232.0,approve
21321233.0,approve
21321224.0,approve
21321234.0,approve
21321239.0,approve
21321240.0,approve
21321241.0,approve
21321242.0,approve
21321243.0,approve
21321245.0,approve
21321246.0,approve
21321247.0,approve
21321238.0,approve
21321223.0,approve
21321222.0,approve
21321221.0,approve
21321194.0,approve
21321195.0,approve
21321197.0,approve
21321198.0,approve
21321199.0,approve
21321201.0,approve
21321202.0,approve
21321205.0,approve
21321207.0,approve
21321208.0,approve
21321209.0,approve
21321211.0,approve
21321212.0,approve
21321213.0,approve
21321214.0,approve
21321217.0,approve
21321218.0,approve
21321219.0,approve
21321220.0,approve
21321248.0,approve
21321249.0,approve
21321251.0,approve
21321252.0,approve
21321280.0,approve
21321281.0,approve
21321283.0,approve
21321284.0,approve
21321285.0,approve
21321288.0,approve
21321289.0,approve
21321290.0,approve
21321291.0,approve
21321292.0,approve
21321293.0,approve
21321294.0,approve
21321295.0,approve
21321296.0,approve
21321297.0,approve
21321298.0,approve
21321299.0,approve
21321300.0,approve
21321301.0,approve
21321279.0,approve
21321193.0,approve
21321278.0,approve
21321275.0,approve
21321254.0,approve
21321255.0,approve
21321256.0,approve
21321257.0,approve
21321259.0,approve
21321260.0,approve
21321261.0,approve
21321262.0,approve
21321263.0,approve
21321264.0,approve
21321265.0,approve
21321266.0,approve
21321267.0,approve
21321268.0,approve
21321269.0,approve
21321271.0,approve
21321272.0,approve
21321273.0,approve
21321274.0,approve
21321276.0,approve
21320841.0,approve
21321191.0,approve
21321189.0,approve
21321093.0,approve
21321094.0,approve
21321095.0,approve
21321096.0,approve
21321097.0,approve
21321098.0,approve
21321099.0,approve
21321100.0,approve
21321092.0,approve
21321101.0,approve
21321104.0,approve
21321105.0,approve
21321108.0,approve
21321109.0,approve
21321110.0,approve
21321111.0,approve
21321112.0,approve
21321113.0,approve
21321102.0,approve
21321091.0,approve
21321089.0,approve
21321088.0,approve
21321068.0,approve
21321069.0,approve
21321070.0,approve
21321071.0,approve
21321072.0,approve
21321073.0,approve
21321074.0,approve
21321075.0,approve
21321076.0,approve
21321077.0,approve
21321078.0,approve
21321079.0,approve
21321080.0,approve
21321081.0,approve
21321082.0,approve
21321083.0,approve
21321084.0,approve
21321085.0,approve
21321087.0,approve
21321114.0,approve
21321115.0,approve
21321116.0,approve
21321117.0,approve
21321167.0,approve
21321168.0,approve
21321169.0,approve
21321170.0,approve
21321171.0,approve
21321172.0,approve
21321173.0,approve
21321175.0,approve
21321176.0,approve
21321177.0,approve
21321178.0,approve
21321179.0,approve
21321181.0,approve
21321182.0,approve
21321183.0,approve
21321184.0,approve
21321185.0,approve
21321186.0,approve
21321187.0,approve
21321166.0,approve
21321190.0,approve
21321164.0,approve
21321161.0,approve
21321118.0,approve
21321119.0,approve
21321120.0,approve
21321123.0,approve
21321124.0,approve
21321128.0,approve
21321134.0,approve
21321135.0,approve
21321137.0,approve
21321139.0,approve
21321140.0,approve
21321141.0,approve
21321143.0,approve
21321144.0,approve
21321145.0,approve
21321148.0,approve
21321150.0,approve
21321151.0,approve
21321160.0,approve
21321163.0,approve
21321302.0,approve
21320839.0,approve
21320835.0,approve
21320540.0,approve
21320541.0,approve
21320543.0,approve
21320544.0,approve
21320547.0,approve
21320548.0,approve
21320549.0,approve
21320550.0,approve
21320538.0,approve
21320551.0,approve
21320553.0,approve
21320554.0,approve
21320555.0,approve
21320556.0,approve
21320557.0,approve
21320558.0,approve
21320559.0,approve
21320561.0,approve
21320552.0,approve
21320537.0,approve
21320536.0,approve
21320535.0,approve
21320505.0,approve
21320506.0,approve
21320508.0,approve
21320509.0,approve
21320510.0,approve
21320512.0,approve
21320513.0,approve
21320514.0,approve
21320515.0,approve
21320516.0,approve
21320519.0,approve
21320520.0,approve
21320521.0,approve
21320523.0,approve
21320524.0,approve
21320525.0,approve
21320527.0,approve
21320530.0,approve
21320534.0,approve
21320562.0,approve
21320504.0,approve
21320563.0,approve
21320565.0,approve
21320591.0,approve
21320592.0,approve
21320593.0,approve
21320596.0,approve
21320597.0,approve
21320598.0,approve
21320599.0,approve
21320600.0,approve
21320590.0,approve
21320601.0,approve
21320604.0,approve
21320605.0,approve
21320606.0,approve
21320607.0,approve
21320608.0,approve
21320609.0,approve
21320610.0,approve
21320612.0,approve
21320603.0,approve
21320589.0,approve
21320588.0,approve
21320587.0,approve
21320566.0,approve
21320567.0,approve
21320568.0,approve
21320569.0,approve
21320570.0,approve
21320571.0,approve
21320572.0,approve
21320573.0,approve
21320574.0,approve
21320576.0,approve
21320577.0,approve
21320578.0,approve
21320579.0,approve
21320580.0,approve
21320581.0,approve
21320582.0,approve
21320583.0,approve
21320584.0,approve
21320585.0,approve
21320564.0,approve
21320503.0,approve
21320502.0,approve
21320501.0,approve
21320429.0,approve
21320430.0,approve
21320431.0,approve
21320433.0,approve
21320434.0,approve
21320435.0,approve
21320436.0,approve
21320437.0,approve
21320427.0,approve
21320438.0,approve
21320440.0,approve
21320442.0,approve
21320443.0,approve
21320444.0,approve
21320445.0,approve
21320446.0,approve
21320447.0,approve
21320448.0,approve
21320439.0,approve
21320425.0,approve
21320423.0,approve
21320422.0,approve
21320399.0,approve
21320400.0,approve
21320401.0,approve
21320402.0,approve
21320403.0,approve
21320404.0,approve
21320408.0,approve
21320409.0,approve
21320410.0,approve
21320412.0,approve
21320413.0,approve
21320414.0,approve
21320415.0,approve
21320416.0,approve
21320417.0,approve
21320418.0,approve
21320419.0,approve
21320420.0,approve
21320421.0,approve
21320449.0,approve
21320450.0,approve
21320451.0,approve
21320452.0,approve
21320479.0,approve
21320480.0,approve
21320481.0,approve
21320482.0,approve
21320483.0,approve
21320484.0,approve
21320486.0,approve
21320487.0,approve
21320488.0,approve
21320489.0,approve
21320490.0,approve
21320491.0,approve
21320492.0,approve
21320493.0,approve
21320495.0,approve
21320496.0,approve
21320497.0,approve
21320499.0,approve
21320500.0,approve
21320478.0,approve
21320613.0,approve
21320477.0,approve
21320475.0,approve
21320455.0,approve
21320456.0,approve
21320457.0,approve
21320458.0,approve
21320459.0,approve
21320461.0,approve
21320462.0,approve
21320463.0,approve
21320464.0,approve
21320465.0,approve
21320466.0,approve
21320467.0,approve
21320468.0,approve
21320469.0,approve
21320470.0,approve
21320471.0,approve
21320472.0,approve
21320473.0,approve
21320474.0,approve
21320476.0,approve
21320615.0,approve
21320616.0,approve
21320617.0,approve
21320758.0,approve
21320760.0,approve
21320761.0,approve
21320762.0,approve
21320763.0,approve
21320764.0,approve
21320765.0,approve
21320766.0,approve
21320757.0,approve
21320767.0,approve
21320769.0,approve
21320770.0,approve
21320771.0,approve
21320772.0,approve
21320773.0,approve
21320774.0,approve
21320775.0,approve
21320777.0,approve
21320768.0,approve
21320756.0,approve
21320755.0,approve
21320754.0,approve
21320733.0,approve
21320734.0,approve
21320737.0,approve
21320738.0,approve
21320739.0,approve
21320740.0,approve
21320741.0,approve
21320742.0,approve
21320743.0,approve
21320744.0,approve
21320745.0,approve
21320746.0,approve
21320747.0,approve
21320748.0,approve
21320749.0,approve
21320750.0,approve
21320751.0,approve
21320752.0,approve
21320753.0,approve
21320779.0,approve
21320780.0,approve
21320782.0,approve
21320783.0,approve
21320812.0,approve
21320814.0,approve
21320815.0,approve
21320816.0,approve
21320818.0,approve
21320819.0,approve
21320821.0,approve
21320822.0,approve
21320823.0,approve
21320824.0,approve
21320825.0,approve
21320826.0,approve
21320827.0,approve
21320828.0,approve
21320829.0,approve
21320830.0,approve
21320831.0,approve
21320833.0,approve
21320834.0,approve
21320811.0,approve
21320732.0,approve
21320810.0,approve
21320808.0,approve
21320785.0,approve
21320786.0,approve
21320787.0,approve
21320788.0,approve
21320789.0,approve
21320791.0,approve
21320792.0,approve
21320793.0,approve
21320794.0,approve
21320795.0,approve
21320797.0,approve
21320798.0,approve
21320800.0,approve
21320801.0,approve
21320802.0,approve
21320804.0,approve
21320805.0,approve
21320806.0,approve
21320807.0,approve
21320809.0,approve
21320837.0,approve
21320731.0,approve
21320728.0,approve
21320645.0,approve
21320646.0,approve
21320647.0,approve
21320648.0,approve
21320650.0,approve
21320651.0,approve
21320652.0,approve
21320653.0,approve
21320644.0,approve
21320656.0,approve
21320658.0,approve
21320660.0,approve
21320662.0,approve
21320663.0,approve
21320664.0,approve
21320665.0,approve
21320666.0,approve
21320667.0,approve
21320657.0,approve
21320643.0,approve
21320642.0,approve
21320641.0,approve
21320618.0,approve
21320619.0,approve
21320620.0,approve
21320621.0,approve
21320623.0,approve
21320624.0,approve
21320625.0,approve
21320626.0,approve
21320627.0,approve
21320628.0,approve
21320630.0,approve
21320632.0,approve
21320633.0,approve
21320634.0,approve
21320635.0,approve
21320636.0,approve
21320638.0,approve
21320639.0,approve
21320640.0,approve
21320668.0,approve
21320670.0,approve
21320671.0,approve
21320672.0,approve
21320699.0,approve
21320700.0,approve
21320701.0,approve
21320703.0,approve
21320705.0,approve
21320706.0,approve
21320707.0,approve
21320708.0,approve
21320709.0,approve
21320711.0,approve
21320712.0,approve
21320713.0,approve
21320715.0,approve
21320716.0,approve
21320717.0,approve
21320719.0,approve
21320720.0,approve
21320722.0,approve
21320724.0,approve
21320698.0,approve
21320730.0,approve
21320696.0,approve
21320694.0,approve
21320673.0,approve
21320674.0,approve
21320675.0,approve
21320677.0,approve
21320678.0,approve
21320679.0,approve
21320680.0,approve
21320681.0,approve
21320682.0,approve
21320683.0,approve
21320684.0,approve
21320685.0,approve
21320686.0,approve
21320687.0,approve
21320689.0,approve
21320690.0,approve
21320691.0,approve
21320692.0,approve
21320693.0,approve
21320695.0,approve
21322144.0,approve
21321303.0,approve
21321305.0,approve
21321866.0,approve
21321867.0,approve
21321868.0,approve
21321869.0,approve
21321870.0,approve
21321871.0,approve
21321872.0,approve
21321873.0,approve
21321864.0,approve
21321875.0,approve
21321877.0,approve
21321878.0,approve
21321879.0,approve
21321880.0,approve
21321881.0,approve
21321882.0,approve
21321883.0,approve
21321884.0,approve
21321876.0,approve
21321863.0,approve
21321862.0,approve
21321861.0,approve
21321840.0,approve
21321841.0,approve
21321842.0,approve
21321843.0,approve
21321844.0,approve
21321846.0,approve
21321848.0,approve
21321849.0,approve
21321850.0,approve
21321851.0,approve
21321852.0,approve
21321853.0,approve
21321854.0,approve
21321855.0,approve
21321856.0,approve
21321857.0,approve
21321858.0,approve
21321859.0,approve
21321860.0,approve
21321885.0,approve
21321838.0,approve
21321886.0,approve
21321888.0,approve
21321914.0,approve
21321915.0,approve
21321916.0,approve
21321917.0,approve
21321919.0,approve
21321920.0,approve
21321921.0,approve
21321922.0,approve
21321913.0,approve
21321923.0,approve
21321925.0,approve
21321926.0,approve
21321927.0,approve
21321928.0,approve
21321929.0,approve
21321930.0,approve
21321932.0,approve
21321933.0,approve
21321924.0,approve
21321912.0,approve
21321911.0,approve
21321910.0,approve
21321889.0,approve
21321890.0,approve
21321891.0,approve
21321892.0,approve
21321893.0,approve
21321894.0,approve
21321895.0,approve
21321897.0,approve
21321898.0,approve
21321899.0,approve
21321900.0,approve
21321901.0,approve
21321902.0,approve
21321903.0,approve
21321904.0,approve
21321905.0,approve
21321906.0,approve
21321907.0,approve
21321909.0,approve
21321887.0,approve
21321837.0,approve
21321836.0,approve
21321835.0,approve
21321765.0,approve
21321766.0,approve
21321767.0,approve
21321768.0,approve
21321769.0,approve
21321770.0,approve
21321771.0,approve
21321772.0,approve
21321764.0,approve
21321773.0,approve
21321776.0,approve
21321777.0,approve
21321778.0,approve
21321779.0,approve
21321780.0,approve
21321782.0,approve
21321783.0,approve
21321784.0,approve
21321774.0,approve
21321763.0,approve
21321762.0,approve
21321761.0,approve
21321741.0,approve
21321742.0,approve
21321743.0,approve
21321744.0,approve
21321745.0,approve
21321746.0,approve
21321747.0,approve
21321748.0,approve
21321749.0,approve
21321750.0,approve
21321751.0,approve
21321752.0,approve
21321753.0,approve
21321754.0,approve
21321755.0,approve
21321756.0,approve
21321758.0,approve
21321759.0,approve
21321760.0,approve
21321785.0,approve
21321786.0,approve
21321787.0,approve
21321788.0,approve
21321813.0,approve
21321814.0,approve
21321815.0,approve
21321816.0,approve
21321817.0,approve
21321818.0,approve
21321819.0,approve
21321820.0,approve
21321823.0,approve
21321824.0,approve
21321825.0,approve
21321826.0,approve
21321827.0,approve
21321828.0,approve
21321830.0,approve
21321831.0,approve
21321832.0,approve
21321833.0,approve
21321834.0,approve
21321812.0,approve
21321934.0,approve
21321811.0,approve
21321809.0,approve
21321789.0,approve
21321790.0,approve
21321791.0,approve
21321792.0,approve
21321793.0,approve
21321794.0,approve
21321795.0,approve
21321797.0,approve
21321798.0,approve
21321799.0,approve
21321800.0,approve
21321801.0,approve
21321802.0,approve
21321803.0,approve
21321804.0,approve
21321805.0,approve
21321806.0,approve
21321807.0,approve
21321808.0,approve
21321810.0,approve
21321935.0,approve
21321936.0,approve
21321937.0,approve
21322062.0,approve
21322065.0,approve
21322066.0,approve
21322068.0,approve
21322070.0,approve
21322071.0,approve
21322072.0,approve
21322073.0,approve
21322060.0,approve
21322074.0,approve
21322077.0,approve
21322078.0,approve
21322079.0,approve
21322080.0,approve
21322081.0,approve
21322082.0,approve
21322083.0,approve
21322085.0,approve
21322075.0,approve
21322058.0,approve
21322057.0,approve
21322056.0,approve
21322033.0,approve
21322034.0,approve
21322035.0,approve
21322037.0,approve
21322039.0,approve
21322040.0,approve
21322041.0,approve
21322042.0,approve
21322043.0,approve
21322044.0,approve
21322045.0,approve
21322046.0,approve
21322047.0,approve
21322048.0,approve
21322049.0,approve
21322051.0,approve
21322052.0,approve
21322053.0,approve
21322055.0,approve
21322086.0,approve
21322087.0,approve
21322088.0,approve
21322089.0,approve
21322120.0,approve
21322121.0,approve
21322122.0,approve
21322123.0,approve
21322124.0,approve
21322125.0,approve
21322126.0,approve
21322128.0,approve
21322130.0,approve
21322131.0,approve
21322132.0,approve
21322133.0,approve
21322136.0,approve
21322137.0,approve
21322138.0,approve
21322139.0,approve
21322140.0,approve
21322141.0,approve
21322142.0,approve
21322119.0,approve
21322032.0,approve
21322118.0,approve
21322115.0,approve
21322091.0,approve
21322092.0,approve
21322093.0,approve
21322094.0,approve
21322095.0,approve
21322096.0,approve
21322099.0,approve
21322100.0,approve
21322101.0,approve
21322102.0,approve
21322103.0,approve
21322104.0,approve
21322106.0,approve
21322107.0,approve
21322108.0,approve
21322109.0,approve
21322110.0,approve
21322113.0,approve
21322114.0,approve
21322117.0,approve
21321740.0,approve
21322031.0,approve
21322029.0,approve
21321962.0,approve
21321963.0,approve
21321964.0,approve
21321965.0,approve
21321966.0,approve
21321967.0,approve
21321968.0,approve
21321969.0,approve
21321961.0,approve
21321970.0,approve
21321972.0,approve
21321973.0,approve
21321974.0,approve
21321975.0,approve
21321976.0,approve
21321977.0,approve
21321978.0,approve
21321979.0,approve
21321971.0,approve
21321960.0,approve
21321959.0,approve
21321958.0,approve
21321938.0,approve
21321940.0,approve
21321941.0,approve
21321942.0,approve
21321943.0,approve
21321944.0,approve
21321945.0,approve
21321946.0,approve
21321947.0,approve
21321948.0,approve
21321949.0,approve
21321950.0,approve
21321951.0,approve
21321952.0,approve
21321953.0,approve
21321954.0,approve
21321955.0,approve
21321956.0,approve
21321957.0,approve
21321980.0,approve
21321981.0,approve
21321982.0,approve
21321983.0,approve
21322007.0,approve
21322008.0,approve
21322009.0,approve
21322011.0,approve
21322012.0,approve
21322014.0,approve
21322015.0,approve
21322016.0,approve
21322017.0,approve
21322018.0,approve
21322019.0,approve
21322020.0,approve
21322021.0,approve
21322022.0,approve
21322023.0,approve
21322025.0,approve
21322026.0,approve
21322027.0,approve
21322028.0,approve
21322006.0,approve
21322030.0,approve
21322005.0,approve
21322003.0,approve
21321984.0,approve
21321985.0,approve
21321986.0,approve
21321987.0,approve
21321988.0,approve
21321989.0,approve
21321990.0,approve
21321991.0,approve
21321992.0,approve
21321993.0,approve
21321994.0,approve
21321995.0,approve
21321996.0,approve
21323595.0,approve
21321998.0,approve
21321999.0,approve
21322000.0,approve
21322001.0,approve
21322002.0,approve
21322004.0,approve
21321304.0,approve
21321739.0,approve
21321737.0,approve
21321432.0,approve
21321434.0,approve
21321435.0,approve
21321436.0,approve
21321437.0,approve
21321438.0,approve
21321439.0,approve
21321440.0,approve
21321431.0,approve
21321441.0,approve
21321443.0,approve
21321444.0,approve
21321445.0,approve
21321446.0,approve
21321451.0,approve
21321454.0,approve
21321457.0,approve
21321458.0,approve
21321442.0,approve
21321430.0,approve
21321429.0,approve
21321428.0,approve
21321408.0,approve
21321409.0,approve
21321410.0,approve
21321411.0,approve
21321412.0,approve
21321413.0,approve
21321414.0,approve
21321415.0,approve
21321416.0,approve
21321417.0,approve
21321418.0,approve
21321419.0,approve
21321420.0,approve
21321421.0,approve
21321422.0,approve
21321423.0,approve
21321424.0,approve
21321425.0,approve
21321427.0,approve
21321459.0,approve
21321407.0,approve
21321460.0,approve
21321462.0,approve
21321504.0,approve
21321507.0,approve
21321508.0,approve
21321509.0,approve
21321510.0,approve
21321511.0,approve
21321512.0,approve
21321513.0,approve
21321500.0,approve
21321514.0,approve
21321516.0,approve
21321517.0,approve
21321518.0,approve
21321519.0,approve
21321521.0,approve
21321522.0,approve
21321523.0,approve
21321525.0,approve
21321515.0,approve
21321499.0,approve
21321498.0,approve
21321497.0,approve
21321464.0,approve
21321465.0,approve
21321468.0,approve
21321469.0,approve
21321471.0,approve
21321473.0,approve
21321475.0,approve
21321478.0,approve
21321479.0,approve
21321480.0,approve
21321481.0,approve
21321482.0,approve
21321484.0,approve
21321488.0,approve
21321489.0,approve
21321491.0,approve
21321493.0,approve
21321495.0,approve
21321496.0,approve
21321461.0,approve
21321406.0,approve
21321405.0,approve
21321404.0,approve
21321333.0,approve
21321334.0,approve
21321335.0,approve
21321337.0,approve
21321338.0,approve
21321339.0,approve
21321341.0,approve
21321342.0,approve
21321332.0,approve
21321343.0,approve
21321346.0,approve
21321347.0,approve
21321348.0,approve
21321350.0,approve
21321351.0,approve
21321352.0,approve
21321354.0,approve
21321355.0,approve
21321344.0,approve
21321331.0,approve
21321330.0,approve
21321328.0,approve
21321306.0,approve
21321307.0,approve
21321308.0,approve
21321310.0,approve
21321311.0,approve
21321312.0,approve
21321313.0,approve
21321314.0,approve
21321315.0,approve
21321317.0,approve
21321318.0,approve
21321319.0,approve
21321320.0,approve
21321321.0,approve
21321322.0,approve
21321323.0,approve
21321324.0,approve
21321326.0,approve
21321327.0,approve
21321356.0,approve
21321357.0,approve
21321358.0,approve
21321359.0,approve
21321384.0,approve
21321385.0,approve
21321387.0,approve
21321388.0,approve
21321389.0,approve
21321390.0,approve
21321391.0,approve
21321392.0,approve
21321393.0,approve
21321394.0,approve
21321395.0,approve
21321396.0,approve
21321397.0,approve
21321398.0,approve
21321399.0,approve
21321400.0,approve
21321401.0,approve
21321402.0,approve
21321403.0,approve
21321383.0,approve
21321526.0,approve
21321381.0,approve
21321379.0,approve
21321360.0,approve
21321361.0,approve
21321362.0,approve
21321363.0,approve
21321364.0,approve
21321365.0,approve
21321366.0,approve
21321367.0,approve
21321368.0,approve
21321369.0,approve
21321370.0,approve
21321371.0,approve
21321372.0,approve
21321373.0,approve
21321374.0,approve
21321375.0,approve
21321376.0,approve
21321377.0,approve
21321378.0,approve
21321380.0,approve
21321527.0,approve
21321529.0,approve
21321530.0,approve
21321655.0,approve
21321659.0,approve
21321661.0,approve
21321662.0,approve
21321663.0,approve
21321664.0,approve
21321665.0,approve
21321667.0,approve
21321654.0,approve
21321668.0,approve
21321671.0,approve
21321672.0,approve
21321673.0,approve
21321677.0,approve
21321678.0,approve
21321679.0,approve
21321680.0,approve
21321681.0,approve
21321669.0,approve
21321653.0,approve
21321652.0,approve
21321651.0,approve
21321631.0,approve
21321632.0,approve
21321633.0,approve
21321634.0,approve
21321635.0,approve
21321637.0,approve
21321638.0,approve
21321639.0,approve
21321640.0,approve
21321641.0,approve
21321642.0,approve
21321643.0,approve
21321644.0,approve
21321645.0,approve
21321646.0,approve
21321647.0,approve
21321648.0,approve
21321649.0,approve
21321650.0,approve
21321682.0,approve
21321683.0,approve
21321684.0,approve
21321685.0,approve
21321714.0,approve
21321715.0,approve
21321716.0,approve
21321717.0,approve
21321719.0,approve
21321720.0,approve
21321722.0,approve
21321723.0,approve
21321724.0,approve
21321725.0,approve
21321726.0,approve
21321727.0,approve
21321728.0,approve
21321729.0,approve
21321730.0,approve
21321731.0,approve
21321734.0,approve
21321735.0,approve
21321736.0,approve
21321711.0,approve
21321630.0,approve
21321710.0,approve
21321707.0,approve
21321686.0,approve
21321688.0,approve
21321689.0,approve
21321690.0,approve
21321692.0,approve
21321693.0,approve
21321694.0,approve
21321695.0,approve
21321696.0,approve
21321697.0,approve
21321698.0,approve
21321699.0,approve
21321700.0,approve
21321701.0,approve
21321702.0,approve
21321703.0,approve
21321704.0,approve
21321705.0,approve
21321706.0,approve
21321708.0,approve
21321738.0,approve
21321629.0,approve
21321627.0,approve
21321559.0,approve
21321560.0,approve
21321561.0,approve
21321562.0,approve
21321563.0,approve
21321564.0,approve
21321565.0,approve
21321566.0,approve
21321558.0,approve
21321567.0,approve
21321569.0,approve
21321570.0,approve
21321571.0,approve
21321572.0,approve
21321573.0,approve
21321575.0,approve
21321576.0,approve
21321577.0,approve
21321568.0,approve
21321557.0,approve
21321556.0,approve
21321555.0,approve
21321531.0,approve
21321532.0,approve
21321534.0,approve
21321535.0,approve
21321536.0,approve
21321537.0,approve
21321538.0,approve
21321540.0,approve
21321541.0,approve
21321543.0,approve
21321545.0,approve
21321546.0,approve
21321548.0,approve
21321549.0,approve
21321550.0,approve
21321551.0,approve
21321552.0,approve
21321553.0,approve
21321554.0,approve
21321578.0,approve
21321579.0,approve
21321580.0,approve
21321581.0,approve
21321606.0,approve
21321607.0,approve
21321608.0,approve
21321609.0,approve
21321610.0,approve
21321611.0,approve
21321612.0,approve
21321613.0,approve
21321614.0,approve
21321615.0,approve
21321617.0,approve
21321618.0,approve
21321619.0,approve
21321620.0,approve
21321621.0,approve
21321622.0,approve
21321624.0,approve
21321625.0,approve
21321626.0,approve
21321605.0,approve
21321628.0,approve
21321604.0,approve
21321602.0,approve
21321582.0,approve
21321583.0,approve
21321584.0,approve
21321586.0,approve
21321587.0,approve
21321588.0,approve
21321589.0,approve
21321590.0,approve
21321591.0,approve
21321592.0,approve
21321593.0,approve
21321594.0,approve
21321595.0,approve
21321596.0,approve
21321597.0,approve
21321598.0,approve
21321599.0,approve
21321600.0,approve
21321601.0,approve
21321603.0,approve
21323596.0,approve
